{
  "experiment_id": "exp_30_4",
  "hypothesis": "Energy-gated delta rule Pareto knee lies at 40-60% write rate for all tested hidden dimensions (32, 64, 128).",
  "outcome": "INCONCLUSIVE",
  "metrics": {
    "pareto_acc_H32_th0": 0.1508,
    "pareto_wr_H32_th0": 1.0,
    "pareto_acc_H32_th1": 0.1664,
    "pareto_wr_H32_th1": 0.6446,
    "pareto_acc_H32_th2": 0.1648,
    "pareto_wr_H32_th2": 0.6127,
    "pareto_acc_H32_th3": 0.1688,
    "pareto_wr_H32_th3": 0.5894,
    "pareto_acc_H32_th4": 0.168,
    "pareto_wr_H32_th4": 0.5215,
    "pareto_acc_H32_th5": 0.0344,
    "pareto_wr_H32_th5": 0.0,
    "knee_wr_H32": 0.5215,
    "pareto_acc_H64_th0": 0.1711,
    "pareto_wr_H64_th0": 1.0,
    "pareto_acc_H64_th1": 0.1797,
    "pareto_wr_H64_th1": 0.6338,
    "pareto_acc_H64_th2": 0.2055,
    "pareto_wr_H64_th2": 0.6037,
    "pareto_acc_H64_th3": 0.1906,
    "pareto_wr_H64_th3": 0.5897,
    "pareto_acc_H64_th4": 0.1875,
    "pareto_wr_H64_th4": 0.5898,
    "pareto_acc_H64_th5": 0.0422,
    "pareto_wr_H64_th5": 0.0,
    "knee_wr_H64": 0.6037,
    "pareto_acc_H128_th0": 0.1812,
    "pareto_wr_H128_th0": 1.0,
    "pareto_acc_H128_th1": 0.1789,
    "pareto_wr_H128_th1": 0.6273,
    "pareto_acc_H128_th2": 0.1727,
    "pareto_wr_H128_th2": 0.592,
    "pareto_acc_H128_th3": 0.193,
    "pareto_wr_H128_th3": 0.5898,
    "pareto_acc_H128_th4": 0.1922,
    "pareto_wr_H128_th4": 0.5884,
    "pareto_acc_H128_th5": 0.0289,
    "pareto_wr_H128_th5": 0.0,
    "knee_wr_H128": 0.5884,
    "all_knees_in_range": 0
  },
  "notes": "Knee write rates: H32=0.521, H64=0.604, H128=0.588. All in [0.40,0.60]: False.",
  "error": "",
  "timestamp": "2026-03-09T15:47:20.967315+00:00",
  "duration_seconds": 997.2855910829967,
  "config": {
    "vocab_size": 64,
    "num_pairs": 6,
    "seq_len": 24,
    "steps": 800,
    "batch": 32,
    "energy_thresholds": [
      0.0,
      0.2,
      0.4,
      0.6,
      0.8,
      1.0
    ],
    "hidden_dims": [
      32,
      64,
      128
    ],
    "param_bytes_h64": 116480,
    "activation_bytes": 393216
  },
  "seed": 42
}