{
  "experiment_id": "exp_46_1",
  "hypothesis": "There exists a universal threshold thresh* such that EMA+gate achieves write rate in [0.20, 0.70] at SEQ_LEN=32 AND [0.15, 0.50] at SEQ_LEN=96 using the same threshold, with accuracy \u2265 EMA-alone \u00d7 0.97 at both lengths.",
  "outcome": "SUPPORTED",
  "metrics": {
    "acc_ema_ref_L32": 0.2474,
    "acc_ema_ref_L96": 0.2615,
    "acc_thresh0.4_L32": 0.2687,
    "wr_thresh0.4_L32": 0.9644,
    "ratio_thresh0.4_L32": 1.0863,
    "acc_thresh0.4_L96": 0.2531,
    "wr_thresh0.4_L96": 0.3135,
    "ratio_thresh0.4_L96": 0.9681,
    "acc_thresh0.7_L32": 0.249,
    "wr_thresh0.7_L32": 0.6099,
    "ratio_thresh0.7_L32": 1.0063,
    "acc_thresh0.7_L96": 0.2609,
    "wr_thresh0.7_L96": 0.1999,
    "ratio_thresh0.7_L96": 0.998,
    "acc_thresh0.9_L32": 0.2786,
    "wr_thresh0.9_L32": 0.372,
    "ratio_thresh0.9_L32": 1.1263,
    "acc_thresh0.9_L96": 0.2458,
    "wr_thresh0.9_L96": 0.1083,
    "ratio_thresh0.9_L96": 0.9402,
    "acc_thresh1.2_L32": 0.0333,
    "wr_thresh1.2_L32": 0.0,
    "ratio_thresh1.2_L32": 0.1347,
    "acc_thresh1.2_L96": 0.026,
    "wr_thresh1.2_L96": 0.0,
    "ratio_thresh1.2_L96": 0.0996,
    "acc_thresh1.5_L32": 0.026,
    "wr_thresh1.5_L32": 0.0,
    "ratio_thresh1.5_L32": 0.1053,
    "acc_thresh1.5_L96": 0.0281,
    "wr_thresh1.5_L96": 0.0,
    "ratio_thresh1.5_L96": 0.1076,
    "acc_thresh1.8_L32": 0.0323,
    "wr_thresh1.8_L32": 0.0,
    "ratio_thresh1.8_L32": 0.1305,
    "acc_thresh1.8_L96": 0.0375,
    "wr_thresh1.8_L96": 0.0,
    "ratio_thresh1.8_L96": 0.1434,
    "acc_thresh2.5_L32": 0.0375,
    "wr_thresh2.5_L32": 0.0,
    "ratio_thresh2.5_L32": 0.1516,
    "acc_thresh2.5_L96": 0.0318,
    "wr_thresh2.5_L96": 0.0,
    "ratio_thresh2.5_L96": 0.1215,
    "universal_thresh_candidates": [
      0.7
    ],
    "n_universal": 1,
    "thresholds_ok_at_L32": [
      0.7,
      0.9
    ],
    "thresholds_ok_at_L96": [
      0.7
    ]
  },
  "notes": "Universal thresh* found: [0.7]. Best candidate: thresh*=0.7. wr at L=32=0.610, wr at L=96=0.200. Use thresh*=0.7 for exp_46_4.",
  "error": "",
  "timestamp": "2026-03-11T12:09:41.923022+00:00",
  "duration_seconds": 2555.782574123,
  "config": {},
  "seed": 123
}