{
  "experiment_id": "exp_46_1",
  "hypothesis": "There exists a universal threshold thresh* such that EMA+gate achieves write rate in [0.20, 0.70] at SEQ_LEN=32 AND [0.15, 0.50] at SEQ_LEN=96 using the same threshold, with accuracy \u2265 EMA-alone \u00d7 0.97 at both lengths.",
  "outcome": "SUPPORTED",
  "metrics": {
    "acc_ema_ref_L32": 0.2479,
    "acc_ema_ref_L96": 0.2453,
    "acc_thresh0.4_L32": 0.2625,
    "wr_thresh0.4_L32": 0.9672,
    "ratio_thresh0.4_L32": 1.0588,
    "acc_thresh0.4_L96": 0.2552,
    "wr_thresh0.4_L96": 0.3156,
    "ratio_thresh0.4_L96": 1.0403,
    "acc_thresh0.7_L32": 0.2521,
    "wr_thresh0.7_L32": 0.6055,
    "ratio_thresh0.7_L32": 1.0168,
    "acc_thresh0.7_L96": 0.249,
    "wr_thresh0.7_L96": 0.1984,
    "ratio_thresh0.7_L96": 1.0149,
    "acc_thresh0.9_L32": 0.2521,
    "wr_thresh0.9_L32": 0.3658,
    "ratio_thresh0.9_L32": 1.0168,
    "acc_thresh0.9_L96": 0.2437,
    "wr_thresh0.9_L96": 0.0898,
    "ratio_thresh0.9_L96": 0.9936,
    "acc_thresh1.2_L32": 0.0323,
    "wr_thresh1.2_L32": 0.0,
    "ratio_thresh1.2_L32": 0.1303,
    "acc_thresh1.2_L96": 0.0354,
    "wr_thresh1.2_L96": 0.0,
    "ratio_thresh1.2_L96": 0.1444,
    "acc_thresh1.5_L32": 0.0339,
    "wr_thresh1.5_L32": 0.0,
    "ratio_thresh1.5_L32": 0.1366,
    "acc_thresh1.5_L96": 0.0292,
    "wr_thresh1.5_L96": 0.0,
    "ratio_thresh1.5_L96": 0.1189,
    "acc_thresh1.8_L32": 0.0302,
    "wr_thresh1.8_L32": 0.0,
    "ratio_thresh1.8_L32": 0.1218,
    "acc_thresh1.8_L96": 0.0271,
    "wr_thresh1.8_L96": 0.0,
    "ratio_thresh1.8_L96": 0.1104,
    "acc_thresh2.5_L32": 0.0365,
    "wr_thresh2.5_L32": 0.0,
    "ratio_thresh2.5_L32": 0.1471,
    "acc_thresh2.5_L96": 0.0312,
    "wr_thresh2.5_L96": 0.0,
    "ratio_thresh2.5_L96": 0.1274,
    "universal_thresh_candidates": [
      0.7
    ],
    "n_universal": 1,
    "thresholds_ok_at_L32": [
      0.7,
      0.9
    ],
    "thresholds_ok_at_L96": [
      0.4,
      0.7
    ]
  },
  "notes": "Universal thresh* found: [0.7]. Best candidate: thresh*=0.7. wr at L=32=0.605, wr at L=96=0.198. Use thresh*=0.7 for exp_46_4.",
  "error": "",
  "timestamp": "2026-03-11T12:37:34.151783+00:00",
  "duration_seconds": 1672.2266013260005,
  "config": {},
  "seed": 777
}