{
  "experiment_id": "exp_26_1",
  "hypothesis": "Protected slot interior optimum (exp_9_4) is seed-stable: 3 additional seeds confirm an interior peak at K=3-6 with MEMORY_SLOTS=12.",
  "outcome": "SUPPORTED",
  "metrics": {
    "accuracies": [
      0.0294,
      0.0306,
      0.0912,
      0.0725,
      0.1806,
      0.1469
    ],
    "critical_accuracies": [
      0.0267,
      0.036,
      0.112,
      0.0818,
      0.1821,
      0.1317
    ],
    "noncritical_accuracies": [
      0.0325,
      0.0237,
      0.0591,
      0.0562,
      0.1758,
      0.1691
    ],
    "k_opt": 4,
    "max_acc": 0.1806,
    "min_acc": 0.0294,
    "acc_range": 0.1513,
    "interior_peak_exists": true
  },
  "notes": "K values [0, 2, 4, 6, 8, 10], accs [0.029, 0.031, 0.091, 0.072, 0.181, 0.147]. Optimal K=4, max_acc=0.181. Interior peak: True.",
  "error": "",
  "timestamp": "2026-03-09T03:49:15.193452+00:00",
  "duration_seconds": 43.31958166602999,
  "config": {
    "vocab_size": 64,
    "hidden_dim": 64,
    "seq_len": 32,
    "memory_slots": 12,
    "num_pairs": 5,
    "num_critical": 3,
    "train_steps": 500,
    "k_values": [
      0,
      2,
      4,
      6,
      8,
      10
    ]
  },
  "seed": 777
}