{
  "experiment_id": "exp_33_4",
  "hypothesis": "Tripling training steps (400\u21921200) at \u03c1=1.0 recovers >50% of accuracy lost vs \u03c1=0.5 for at least one architecture.",
  "outcome": "SUPPORTED",
  "metrics": {
    "acc_slot_rho05": 0.0102,
    "acc_delta_rho05": 0.0094,
    "acc_slot_400": 0.0094,
    "acc_delta_400": 0.0063,
    "acc_slot_800": 0.0055,
    "acc_delta_800": 0.0086,
    "acc_slot_1200": 0.0125,
    "acc_delta_1200": 0.0039,
    "recovery_slot": 3.875,
    "recovery_delta": -0.7742
  },
  "notes": "Slot recovery=3.875, Delta recovery=-0.774. \u03c1=0.5 ref: slot=0.010, delta=0.009. \u03c1=1.0@400: slot=0.009, delta=0.006. \u03c1=1.0@1200: slot=0.013, delta=0.004.",
  "error": "",
  "timestamp": "2026-03-09T17:25:36.728263+00:00",
  "duration_seconds": 953.4425701670116,
  "config": {
    "hidden_dim": 64,
    "vocab_size": 256,
    "batch": 32,
    "n_high": 64,
    "n_mid": 32,
    "steps_list": [
      400,
      800,
      1200
    ],
    "param_bytes_slot": 215552,
    "param_bytes_delta": 215552,
    "activation_bytes": 1114112
  },
  "seed": 42
}