{
  "experiment_id": "exp_28_2",
  "hypothesis": "Accuracy scales as dim^\u03b1 with \u03b1 > 0.3 for delta rule, R\u00b2 > 0.95 log-log fit over HIDDEN_DIM \u2208 {32,64,128,256}.",
  "outcome": "INCONCLUSIVE",
  "metrics": {
    "acc_slot_H32": 0.1906,
    "acc_delta_H32": 0.1437,
    "acc_param_H32": 0.025,
    "acc_slot_H64": 0.1336,
    "acc_delta_H64": 0.1891,
    "acc_param_H64": 0.0297,
    "acc_slot_H128": 0.0312,
    "acc_delta_H128": 0.2188,
    "acc_param_H128": 0.0297,
    "acc_slot_H256": 0.2414,
    "acc_delta_H256": 0.207,
    "acc_param_H256": 0.0266,
    "alpha_slot": -0.1076,
    "r2_slot": 0.011,
    "alpha_delta": 0.179,
    "r2_delta": 0.7369,
    "alpha_param": 0.0268,
    "r2_param": 0.0792
  },
  "notes": "Delta: \u03b1=0.179, R\u00b2=0.737. Slot: \u03b1=-0.108, R\u00b2=0.011. Param: \u03b1=0.027, R\u00b2=0.079.",
  "error": "",
  "timestamp": "2026-03-09T14:42:15.205555+00:00",
  "duration_seconds": 330.8680305830203,
  "config": {
    "vocab_size": 64,
    "seq_len": 24,
    "num_pairs": 5,
    "steps": 400,
    "batch": 32,
    "dims": [
      32,
      64,
      128,
      256
    ],
    "param_bytes_H32_slot": 37888,
    "param_bytes_H32_delta": 37888,
    "param_bytes_H32_param": 34832,
    "activation_bytes_H32": 98304,
    "param_bytes_H64_slot": 116480,
    "param_bytes_H64_delta": 116480,
    "param_bytes_H64_param": 104224,
    "activation_bytes_H64": 196608,
    "param_bytes_H128_slot": 396544,
    "param_bytes_H128_delta": 396544,
    "param_bytes_H128_param": 347456,
    "activation_bytes_H128": 393216,
    "param_bytes_H256_slot": 1448192,
    "param_bytes_H256_delta": 1448192,
    "param_bytes_H256_param": 1251712,
    "activation_bytes_H256": 786432
  },
  "seed": 42
}