{
  "experiment_id": "exp_28_4",
  "hypothesis": "Slot accuracy peaks at NUM_SLOTS=1.5\u20132\u00d7NUM_PAIRS (9\u201312 slots), then degrades with excess slots due to slot collapse.",
  "outcome": "REFUTED",
  "metrics": {
    "acc_k2": 0.1187,
    "acc_k4": 0.1195,
    "acc_k6": 0.1617,
    "acc_k8": 0.1539,
    "acc_k12": 0.1672,
    "acc_k16": 0.1484,
    "acc_k24": 0.168,
    "collapse_k2": 0.7186,
    "collapse_k4": 0.6639,
    "collapse_k6": 0.619,
    "collapse_k8": 0.5146,
    "collapse_k12": 0.5985,
    "collapse_k16": 0.5485,
    "collapse_k24": 0.3832,
    "peak_k": 24,
    "acc_peak": 0.168,
    "acc_k24_vs_peak": 0.0
  },
  "notes": "Peak at k=24 (acc=0.168). k=24 acc=0.168 (drop=0.000).",
  "error": "",
  "timestamp": "2026-03-09T15:28:31.732748+00:00",
  "duration_seconds": 48.11606899998151,
  "config": {
    "vocab_size": 64,
    "hidden_dim": 64,
    "num_pairs": 6,
    "seq_len": 24,
    "steps": 500,
    "batch": 32,
    "slot_counts": [
      2,
      4,
      6,
      8,
      12,
      16,
      24
    ],
    "param_bytes": 116480,
    "activation_bytes": 196608
  },
  "seed": 777
}