{
  "experiment_id": "exp_28_2",
  "hypothesis": "Accuracy scales as dim^\u03b1 with \u03b1 > 0.3 for delta rule, R\u00b2 > 0.95 log-log fit over HIDDEN_DIM \u2208 {32,64,128,256}.",
  "outcome": "REFUTED",
  "metrics": {
    "acc_slot_H32": 0.1664,
    "acc_delta_H32": 0.1164,
    "acc_param_H32": 0.0266,
    "acc_slot_H64": 0.0312,
    "acc_delta_H64": 0.2289,
    "acc_param_H64": 0.0336,
    "acc_slot_H128": 0.0375,
    "acc_delta_H128": 0.2023,
    "acc_param_H128": 0.0305,
    "acc_slot_H256": 0.0375,
    "acc_delta_H256": 0.2055,
    "acc_param_H256": 0.0297,
    "alpha_slot": -0.6184,
    "r2_slot": 0.5026,
    "alpha_delta": 0.2282,
    "r2_delta": 0.4495,
    "alpha_param": 0.0337,
    "r2_param": 0.0988
  },
  "notes": "Delta: \u03b1=0.228, R\u00b2=0.450. Slot: \u03b1=-0.618, R\u00b2=0.503. Param: \u03b1=0.034, R\u00b2=0.099.",
  "error": "",
  "timestamp": "2026-03-09T14:48:49.372134+00:00",
  "duration_seconds": 394.1600996250054,
  "config": {
    "vocab_size": 64,
    "seq_len": 24,
    "num_pairs": 5,
    "steps": 400,
    "batch": 32,
    "dims": [
      32,
      64,
      128,
      256
    ],
    "param_bytes_H32_slot": 37888,
    "param_bytes_H32_delta": 37888,
    "param_bytes_H32_param": 34832,
    "activation_bytes_H32": 98304,
    "param_bytes_H64_slot": 116480,
    "param_bytes_H64_delta": 116480,
    "param_bytes_H64_param": 104224,
    "activation_bytes_H64": 196608,
    "param_bytes_H128_slot": 396544,
    "param_bytes_H128_delta": 396544,
    "param_bytes_H128_param": 347456,
    "activation_bytes_H128": 393216,
    "param_bytes_H256_slot": 1448192,
    "param_bytes_H256_delta": 1448192,
    "param_bytes_H256_param": 1251712,
    "activation_bytes_H256": 786432
  },
  "seed": 123
}