{
  "experiment_id": "exp_30_4",
  "hypothesis": "Energy-gated delta rule Pareto knee lies at 40-60% write rate for all tested hidden dimensions (32, 64, 128).",
  "outcome": "SUPPORTED",
  "metrics": {
    "pareto_acc_H32_th0": 0.15,
    "pareto_wr_H32_th0": 1.0,
    "pareto_acc_H32_th1": 0.1703,
    "pareto_wr_H32_th1": 0.6416,
    "pareto_acc_H32_th2": 0.1688,
    "pareto_wr_H32_th2": 0.612,
    "pareto_acc_H32_th3": 0.168,
    "pareto_wr_H32_th3": 0.5851,
    "pareto_acc_H32_th4": 0.1773,
    "pareto_wr_H32_th4": 0.5013,
    "pareto_acc_H32_th5": 0.0234,
    "pareto_wr_H32_th5": 0.0,
    "knee_wr_H32": 0.5013,
    "pareto_acc_H64_th0": 0.1883,
    "pareto_wr_H64_th0": 1.0,
    "pareto_acc_H64_th1": 0.1914,
    "pareto_wr_H64_th1": 0.6336,
    "pareto_acc_H64_th2": 0.1789,
    "pareto_wr_H64_th2": 0.5966,
    "pareto_acc_H64_th3": 0.1883,
    "pareto_wr_H64_th3": 0.5891,
    "pareto_acc_H64_th4": 0.1727,
    "pareto_wr_H64_th4": 0.5837,
    "pareto_acc_H64_th5": 0.0367,
    "pareto_wr_H64_th5": 0.0,
    "knee_wr_H64": 0.5891,
    "pareto_acc_H128_th0": 0.1781,
    "pareto_wr_H128_th0": 1.0,
    "pareto_acc_H128_th1": 0.193,
    "pareto_wr_H128_th1": 0.6255,
    "pareto_acc_H128_th2": 0.1844,
    "pareto_wr_H128_th2": 0.5897,
    "pareto_acc_H128_th3": 0.1797,
    "pareto_wr_H128_th3": 0.5893,
    "pareto_acc_H128_th4": 0.1797,
    "pareto_wr_H128_th4": 0.5887,
    "pareto_acc_H128_th5": 0.0234,
    "pareto_wr_H128_th5": 0.0,
    "knee_wr_H128": 0.5897,
    "all_knees_in_range": 1
  },
  "notes": "Knee write rates: H32=0.501, H64=0.589, H128=0.590. All in [0.40,0.60]: True.",
  "error": "",
  "timestamp": "2026-03-09T16:31:33.450697+00:00",
  "duration_seconds": 1345.3356721670134,
  "config": {
    "vocab_size": 64,
    "num_pairs": 6,
    "seq_len": 24,
    "steps": 800,
    "batch": 32,
    "energy_thresholds": [
      0.0,
      0.2,
      0.4,
      0.6,
      0.8,
      1.0
    ],
    "hidden_dims": [
      32,
      64,
      128
    ],
    "param_bytes_h64": 116480,
    "activation_bytes": 393216
  },
  "seed": 777
}