{
  "experiment_id": "exp_30_4",
  "hypothesis": "Energy-gated delta rule Pareto knee lies at 40-60% write rate for all tested hidden dimensions (32, 64, 128).",
  "outcome": "INCONCLUSIVE",
  "metrics": {
    "pareto_acc_H32_th0": 0.1453,
    "pareto_wr_H32_th0": 1.0,
    "pareto_acc_H32_th1": 0.1562,
    "pareto_wr_H32_th1": 0.6424,
    "pareto_acc_H32_th2": 0.15,
    "pareto_wr_H32_th2": 0.6116,
    "pareto_acc_H32_th3": 0.1258,
    "pareto_wr_H32_th3": 0.5873,
    "pareto_acc_H32_th4": 0.1398,
    "pareto_wr_H32_th4": 0.494,
    "pareto_acc_H32_th5": 0.0305,
    "pareto_wr_H32_th5": 0.0,
    "knee_wr_H32": 0.6116,
    "pareto_acc_H64_th0": 0.1977,
    "pareto_wr_H64_th0": 1.0,
    "pareto_acc_H64_th1": 0.1727,
    "pareto_wr_H64_th1": 0.6351,
    "pareto_acc_H64_th2": 0.2047,
    "pareto_wr_H64_th2": 0.5988,
    "pareto_acc_H64_th3": 0.1703,
    "pareto_wr_H64_th3": 0.5898,
    "pareto_acc_H64_th4": 0.1891,
    "pareto_wr_H64_th4": 0.5884,
    "pareto_acc_H64_th5": 0.0305,
    "pareto_wr_H64_th5": 0.0,
    "knee_wr_H64": 0.5988,
    "pareto_acc_H128_th0": 0.1852,
    "pareto_wr_H128_th0": 1.0,
    "pareto_acc_H128_th1": 0.1906,
    "pareto_wr_H128_th1": 0.6223,
    "pareto_acc_H128_th2": 0.1859,
    "pareto_wr_H128_th2": 0.5927,
    "pareto_acc_H128_th3": 0.1766,
    "pareto_wr_H128_th3": 0.5882,
    "pareto_acc_H128_th4": 0.1891,
    "pareto_wr_H128_th4": 0.5895,
    "pareto_acc_H128_th5": 0.0289,
    "pareto_wr_H128_th5": 0.0,
    "knee_wr_H128": 0.5927,
    "all_knees_in_range": 0
  },
  "notes": "Knee write rates: H32=0.612, H64=0.599, H128=0.593. All in [0.40,0.60]: False.",
  "error": "",
  "timestamp": "2026-03-09T16:09:08.124472+00:00",
  "duration_seconds": 1307.0845570409438,
  "config": {
    "vocab_size": 64,
    "num_pairs": 6,
    "seq_len": 24,
    "steps": 800,
    "batch": 32,
    "energy_thresholds": [
      0.0,
      0.2,
      0.4,
      0.6,
      0.8,
      1.0
    ],
    "hidden_dims": [
      32,
      64,
      128
    ],
    "param_bytes_h64": 116480,
    "activation_bytes": 393216
  },
  "seed": 123
}